,root_dir,measure_id,p_index,mode,puckid,pinid,sample_name,wavelength,raster_vbeam,raster_hbeam,att_raster,hebi_att,exp_raster,dist_raster,loopsize,score_min,score_max,maxhits,total_osc,osc_width,ds_vbeam,ds_hbeam,exp_ds,dist_ds,dose_ds,offset_angle,reduced_fact,ntimes,meas_name,cry_min_size_um,cry_max_size_um,hel_full_osc,hel_part_osc,raster_roi,ln2_flag,cover_scan_flag,zoomcap_flag,warm_time,isDone,isSkip,isMount,isLoopCenter,isRaster,scan_height,scan_width,n_mount,nds_multi,nds_helpart,t_meas_start,t_cent_start,t_cent_end,t_raster_start,t_ds_start,t_ds_end,t_dismount_start,t_dismount_end,data_index,n_mount_fails,log_mount,hel_cry_size,flux,phs_per_deg
0,/user/target/Auto/2023B/BL32XU_240215_Ohto,19854,0,helical,HIRANO01,1,DNII,1.0,15.0,10.0,44.322,44.322,0.01,200.0,300.0,10.0,9999.0,1,360.0,0.1,15.0,10.0,0.02,184.6,10.0,0.0,1.0,1,normal,10.0,10.0,60.0,40.0,1,1,1,1,60.0,True,0,0,0,0,0.0,0.0,0,0,0,0,0,0,0,0,0,0,0,0,0,0,0.0,0.0,0.0
1,/user/target/Auto/2023B/BL32XU_240215_Ohto,19855,1,helical,HIRANO01,2,DNII,1.0,15.0,10.0,44.322,44.322,0.01,200.0,300.0,10.0,9999.0,1,360.0,0.1,15.0,10.0,0.02,184.6,10.0,0.0,1.0,1,normal,10.0,10.0,60.0,40.0,1,1,1,1,60.0,,,,,,,,,,,,,,,,,,,,,,,,
2,/user/target/Auto/2023B/BL32XU_240215_Ohto,19856,2,helical,HIRANO01,3,DNII,1.0,15.0,10.0,44.322,44.322,0.01,200.0,300.0,10.0,9999.0,1,360.0,0.1,15.0,10.0,0.02,184.6,10.0,0.0,1.0,1,normal,10.0,10.0,60.0,40.0,1,1,1,1,60.0,,,,,,,,,,,,,,,,,,,,,,,,
3,/user/target/Auto/2023B/BL32XU_240215_Ohto,19857,3,helical,HIRANO01,4,DNII,1.0,15.0,10.0,44.322,44.322,0.01,200.0,300.0,10.0,9999.0,1,360.0,0.1,15.0,10.0,0.02,184.6,10.0,0.0,1.0,1,normal,10.0,10.0,60.0,40.0,1,1,1,1,60.0,,,,,,,,,,,,,,,,,,,,,,,,
4,/user/target/Auto/2023B/BL32XU_240215_Ohto,19858,4,helical,HIRANO01,5,DNII,1.0,15.0,10.0,44.322,44.322,0.01,200.0,300.0,10.0,9999.0,1,360.0,0.1,15.0,10.0,0.02,184.6,10.0,0.0,1.0,1,normal,10.0,10.0,60.0,40.0,1,1,1,1,60.0,,,,,,,,,,,,,,,,,,,,,,,,
5,/user/target/Auto/2023B/BL32XU_240215_Ohto,19859,5,helical,HIRANO01,6,DNII,1.0,15.0,10.0,44.322,44.322,0.01,200.0,300.0,10.0,9999.0,1,360.0,0.1,15.0,10.0,0.02,184.6,10.0,0.0,1.0,1,normal,10.0,10.0,60.0,40.0,1,1,1,1,60.0,,,,,,,,,,,,,,,,,,,,,,,,
6,/user/target/Auto/2023B/BL32XU_240215_Ohto,19860,6,helical,HIRANO01,7,DNII,1.0,15.0,10.0,44.322,44.322,0.01,200.0,300.0,10.0,9999.0,1,360.0,0.1,15.0,10.0,0.02,184.6,10.0,0.0,1.0,1,normal,10.0,10.0,60.0,40.0,1,1,1,1,60.0,,,,,,,,,,,,,,,,,,,,,,,,
7,/user/target/Auto/2023B/BL32XU_240215_Ohto,19861,7,helical,HIRANO01,8,DNII,1.0,15.0,10.0,44.322,44.322,0.01,200.0,300.0,10.0,9999.0,1,360.0,0.1,15.0,10.0,0.02,184.6,10.0,0.0,1.0,1,normal,10.0,10.0,60.0,40.0,1,1,1,1,60.0,,,,,,,,,,,,,,,,,,,,,,,,
8,/user/target/Auto/2023B/BL32XU_240215_Ohto,19862,8,helical,HIRANO01,9,DNII,1.0,15.0,10.0,44.322,44.322,0.01,200.0,300.0,10.0,9999.0,1,360.0,0.1,15.0,10.0,0.02,184.6,10.0,0.0,1.0,1,normal,10.0,10.0,60.0,40.0,1,1,1,1,60.0,,,,,,,,,,,,,,,,,,,,,,,,
9,/user/target/Auto/2023B/BL32XU_240215_Ohto,19863,9,helical,HIRANO01,10,DNII,1.0,15.0,10.0,44.322,44.322,0.01,200.0,300.0,10.0,9999.0,1,360.0,0.1,15.0,10.0,0.02,184.6,10.0,0.0,1.0,1,normal,10.0,10.0,60.0,40.0,1,1,1,1,60.0,,,,,,,,,,,,,,,,,,,,,,,,
10,/user/target/Auto/2023B/BL32XU_240215_Ohto,19864,10,helical,HIRANO01,11,DNII,1.0,15.0,10.0,44.322,44.322,0.01,200.0,300.0,10.0,9999.0,1,360.0,0.1,15.0,10.0,0.02,184.6,10.0,0.0,1.0,1,normal,10.0,10.0,60.0,40.0,1,1,1,1,60.0,,,,,,,,,,,,,,,,,,,,,,,,
11,/user/target/Auto/2023B/BL32XU_240215_Ohto,19865,11,helical,HIRANO01,12,DNII,1.0,15.0,10.0,44.322,44.322,0.01,200.0,780.0,10.0,9999.0,1,360.0,0.1,15.0,10.0,0.02,184.6,10.0,0.0,1.0,1,normal,10.0,10.0,60.0,40.0,1,1,1,1,60.0,,,,,,,,,,,,,,,,,,,,,,,,
12,/user/target/Auto/2023B/BL32XU_240215_Ohto,19866,12,helical,HIRANO01,13,DNII,1.0,15.0,10.0,44.322,44.322,0.01,200.0,780.0,10.0,9999.0,1,360.0,0.1,15.0,10.0,0.02,184.6,10.0,0.0,1.0,1,normal,10.0,10.0,60.0,40.0,1,1,1,1,60.0,,,,,,,,,,,,,,,,,,,,,,,,
13,/user/target/Auto/2023B/BL32XU_240215_Ohto,19867,13,helical,HIRANO01,14,DNII,1.0,15.0,10.0,44.322,44.322,0.01,200.0,300.0,10.0,9999.0,1,360.0,0.1,15.0,10.0,0.02,184.6,10.0,0.0,1.0,1,normal,10.0,10.0,60.0,40.0,1,1,1,1,60.0,,,,,,,,,,,,,,,,,,,,,,,,
14,/user/target/Auto/2023B/BL32XU_240215_Ohto,19868,14,helical,HIRANO01,15,DNII,1.0,15.0,10.0,44.322,44.322,0.01,200.0,300.0,10.0,9999.0,1,360.0,0.1,15.0,10.0,0.02,184.6,10.0,0.0,1.0,1,normal,10.0,10.0,60.0,40.0,1,1,1,1,60.0,,,,,,,,,,,,,,,,,,,,,,,,
15,/user/target/Auto/2023B/BL32XU_240215_Ohto,19869,15,helical,HIRANO01,16,DNII,1.0,15.0,10.0,44.322,44.322,0.01,200.0,300.0,10.0,9999.0,1,360.0,0.1,15.0,10.0,0.02,184.6,10.0,0.0,1.0,1,normal,10.0,10.0,60.0,40.0,1,1,1,1,60.0,,,,,,,,,,,,,,,,,,,,,,,,
16,/user/target/Auto/2023B/BL32XU_240215_Ohto,19870,16,helical,HIRANO02,1,DNII,1.0,15.0,10.0,44.322,44.322,0.01,200.0,300.0,10.0,9999.0,1,360.0,0.1,15.0,10.0,0.02,184.6,10.0,0.0,1.0,1,normal,10.0,10.0,60.0,40.0,1,1,1,1,60.0,,,,,,,,,,,,,,,,,,,,,,,,
17,/user/target/Auto/2023B/BL32XU_240215_Ohto,19871,17,helical,HIRANO02,2,DNII,1.0,15.0,10.0,44.322,44.322,0.01,200.0,300.0,10.0,9999.0,1,360.0,0.1,15.0,10.0,0.02,184.6,10.0,0.0,1.0,1,normal,10.0,10.0,60.0,40.0,1,1,1,1,60.0,,,,,,,,,,,,,,,,,,,,,,,,
18,/user/target/Auto/2023B/BL32XU_240215_Ohto,19872,18,helical,HIRANO02,3,DNII,1.0,15.0,10.0,44.322,44.322,0.01,200.0,300.0,10.0,9999.0,1,360.0,0.1,15.0,10.0,0.02,184.6,10.0,0.0,1.0,1,normal,10.0,10.0,60.0,40.0,1,1,1,1,60.0,,,,,,,,,,,,,,,,,,,,,,,,
19,/user/target/Auto/2023B/BL32XU_240215_Ohto,19873,19,helical,HIRANO02,4,DNII,1.0,15.0,10.0,44.322,44.322,0.01,200.0,300.0,10.0,9999.0,1,360.0,0.1,15.0,10.0,0.02,184.6,10.0,0.0,1.0,1,normal,10.0,10.0,60.0,40.0,1,1,1,1,60.0,,,,,,,,,,,,,,,,,,,,,,,,
20,/user/target/Auto/2023B/BL32XU_240215_Ohto,19874,20,helical,HIRANO02,5,DNII,1.0,15.0,10.0,44.322,44.322,0.01,200.0,300.0,10.0,9999.0,1,360.0,0.1,15.0,10.0,0.02,184.6,10.0,0.0,1.0,1,normal,10.0,10.0,60.0,40.0,1,1,1,1,60.0,,,,,,,,,,,,,,,,,,,,,,,,
21,/user/target/Auto/2023B/BL32XU_240215_Ohto,19875,21,helical,HIRANO02,6,DNII,1.0,15.0,10.0,44.322,44.322,0.01,200.0,300.0,10.0,9999.0,1,360.0,0.1,15.0,10.0,0.02,184.6,10.0,0.0,1.0,1,normal,10.0,10.0,60.0,40.0,1,1,1,1,60.0,,,,,,,,,,,,,,,,,,,,,,,,
22,/user/target/Auto/2023B/BL32XU_240215_Ohto,19876,22,helical,HIRANO02,7,DNII,1.0,15.0,10.0,44.322,44.322,0.01,200.0,300.0,10.0,9999.0,1,360.0,0.1,15.0,10.0,0.02,184.6,10.0,0.0,1.0,1,normal,10.0,10.0,60.0,40.0,1,1,1,1,60.0,,,,,,,,,,,,,,,,,,,,,,,,
23,/user/target/Auto/2023B/BL32XU_240215_Ohto,19877,23,helical,HIRANO02,8,DNII,1.0,15.0,10.0,44.322,44.322,0.01,200.0,300.0,10.0,9999.0,1,360.0,0.1,15.0,10.0,0.02,184.6,10.0,0.0,1.0,1,normal,10.0,10.0,60.0,40.0,1,1,1,1,60.0,,,,,,,,,,,,,,,,,,,,,,,,
24,/user/target/Auto/2023B/BL32XU_240215_Ohto,19878,24,helical,HIRANO02,9,DNII,1.0,15.0,10.0,44.322,44.322,0.01,200.0,300.0,10.0,9999.0,1,360.0,0.1,15.0,10.0,0.02,184.6,10.0,0.0,1.0,1,normal,10.0,10.0,60.0,40.0,1,1,1,1,60.0,,,,,,,,,,,,,,,,,,,,,,,,
25,/user/target/Auto/2023B/BL32XU_240215_Ohto,19879,25,helical,HIRANO02,10,DNII,1.0,15.0,10.0,44.322,44.322,0.01,200.0,300.0,10.0,9999.0,1,360.0,0.1,15.0,10.0,0.02,184.6,10.0,0.0,1.0,1,normal,10.0,10.0,60.0,40.0,1,1,1,1,60.0,,,,,,,,,,,,,,,,,,,,,,,,
26,/user/target/Auto/2023B/BL32XU_240215_Ohto,19880,26,helical,HIRANO02,11,DNII,1.0,15.0,10.0,44.322,44.322,0.01,200.0,300.0,10.0,9999.0,1,360.0,0.1,15.0,10.0,0.02,184.6,10.0,0.0,1.0,1,normal,10.0,10.0,60.0,40.0,1,1,1,1,60.0,,,,,,,,,,,,,,,,,,,,,,,,
27,/user/target/Auto/2023B/BL32XU_240215_Ohto,19881,27,helical,HIRANO02,12,DNII,1.0,15.0,10.0,44.322,44.322,0.01,200.0,300.0,10.0,9999.0,1,360.0,0.1,15.0,10.0,0.02,184.6,10.0,0.0,1.0,1,normal,10.0,10.0,60.0,40.0,1,1,1,1,60.0,,,,,,,,,,,,,,,,,,,,,,,,
28,/user/target/Auto/2023B/BL32XU_240215_Ohto,19882,28,helical,HIRANO02,13,DNII,1.0,15.0,10.0,44.322,44.322,0.01,200.0,300.0,10.0,9999.0,1,360.0,0.1,15.0,10.0,0.02,184.6,10.0,0.0,1.0,1,normal,10.0,10.0,60.0,40.0,1,1,1,1,60.0,,,,,,,,,,,,,,,,,,,,,,,,
29,/user/target/Auto/2023B/BL32XU_240215_Ohto,19883,29,helical,HIRANO02,14,DNII,1.0,15.0,10.0,44.322,44.322,0.01,200.0,300.0,10.0,9999.0,1,360.0,0.1,15.0,10.0,0.02,184.6,10.0,0.0,1.0,1,normal,10.0,10.0,60.0,40.0,1,1,1,1,60.0,,,,,,,,,,,,,,,,,,,,,,,,
30,/user/target/Auto/2023B/BL32XU_240215_Ohto,19884,30,helical,HIRANO02,15,DNII,1.0,15.0,10.0,44.322,44.322,0.01,200.0,300.0,10.0,9999.0,1,360.0,0.1,15.0,10.0,0.02,184.6,10.0,0.0,1.0,1,normal,10.0,10.0,60.0,40.0,1,1,1,1,60.0,,,,,,,,,,,,,,,,,,,,,,,,
31,/user/target/Auto/2023B/BL32XU_240215_Ohto,19885,31,helical,HIRANO02,16,DNII,1.0,15.0,10.0,44.322,44.322,0.01,200.0,300.0,10.0,9999.0,1,360.0,0.1,15.0,10.0,0.02,184.6,10.0,0.0,1.0,1,normal,10.0,10.0,60.0,40.0,1,1,1,1,60.0,,,,,,,,,,,,,,,,,,,,,,,,
32,/user/target/Auto/2023B/BL32XU_240215_Ohto,19886,32,helical,CPS1734,1,TLR8DC3967,1.0,15.0,10.0,44.322,44.322,0.01,200.0,550.0,10.0,9999.0,1,360.0,0.1,15.0,10.0,0.02,184.6,10.0,0.0,1.0,1,normal,300.0,300.0,60.0,40.0,1,1,1,1,60.0,,,,,,,,,,,,,,,,,,,,,,,,
33,/user/target/Auto/2023B/BL32XU_240215_Ohto,19887,33,helical,CPS1734,2,TLR8DC3967,1.0,15.0,10.0,44.322,44.322,0.01,200.0,550.0,10.0,9999.0,1,360.0,0.1,15.0,10.0,0.02,184.6,10.0,0.0,1.0,1,normal,300.0,300.0,60.0,40.0,1,1,1,1,60.0,,,,,,,,,,,,,,,,,,,,,,,,
34,/user/target/Auto/2023B/BL32XU_240215_Ohto,19888,34,helical,CPS1734,3,TLR8DC3967,1.0,15.0,10.0,44.322,44.322,0.01,200.0,350.0,10.0,9999.0,1,360.0,0.1,15.0,10.0,0.02,184.6,10.0,0.0,1.0,1,normal,100.0,100.0,60.0,40.0,1,1,1,1,60.0,,,,,,,,,,,,,,,,,,,,,,,,
35,/user/target/Auto/2023B/BL32XU_240215_Ohto,19889,35,helical,CPS1734,4,TLR8DC3967,1.0,15.0,10.0,44.322,44.322,0.01,200.0,350.0,10.0,9999.0,1,360.0,0.1,15.0,10.0,0.02,184.6,10.0,0.0,1.0,1,normal,100.0,100.0,60.0,40.0,1,1,1,1,60.0,,,,,,,,,,,,,,,,,,,,,,,,
36,/user/target/Auto/2023B/BL32XU_240215_Ohto,19890,36,helical,CPS1734,5,TLR8DC3967,1.0,15.0,10.0,44.322,44.322,0.01,200.0,350.0,10.0,9999.0,1,360.0,0.1,15.0,10.0,0.02,184.6,10.0,0.0,1.0,1,normal,100.0,100.0,60.0,40.0,1,1,1,1,60.0,,,,,,,,,,,,,,,,,,,,,,,,
37,/user/target/Auto/2023B/BL32XU_240215_Ohto,19891,37,helical,CPS1734,6,TLR8eGpApU,1.0,15.0,10.0,44.322,44.322,0.01,200.0,450.0,10.0,9999.0,1,360.0,0.1,15.0,10.0,0.02,184.6,10.0,0.0,1.0,1,normal,200.0,200.0,60.0,40.0,1,1,1,1,60.0,,,,,,,,,,,,,,,,,,,,,,,,
38,/user/target/Auto/2023B/BL32XU_240215_Ohto,19892,38,helical,CPS1734,7,TLR8382U,1.0,15.0,10.0,44.322,44.322,0.01,200.0,550.0,10.0,9999.0,1,360.0,0.1,15.0,10.0,0.02,184.6,10.0,0.0,1.0,1,normal,300.0,300.0,60.0,40.0,1,1,1,1,60.0,,,,,,,,,,,,,,,,,,,,,,,,
39,/user/target/Auto/2023B/BL32XU_240215_Ohto,19893,39,helical,CPS1734,8,TLR8382U,1.0,15.0,10.0,44.322,44.322,0.01,200.0,350.0,10.0,9999.0,1,360.0,0.1,15.0,10.0,0.02,184.6,10.0,0.0,1.0,1,normal,100.0,100.0,60.0,40.0,1,1,1,1,60.0,,,,,,,,,,,,,,,,,,,,,,,,
40,/user/target/Auto/2023B/BL32XU_240215_Ohto,19894,40,helical,CPS1734,9,TLR8382U,1.0,15.0,10.0,44.322,44.322,0.01,200.0,300.0,10.0,9999.0,1,360.0,0.1,15.0,10.0,0.02,184.6,10.0,0.0,1.0,1,normal,50.0,50.0,60.0,40.0,1,1,1,1,60.0,,,,,,,,,,,,,,,,,,,,,,,,
41,/user/target/Auto/2023B/BL32XU_240215_Ohto,19895,41,helical,CPS1734,10,TLR8sGpApU,1.0,15.0,10.0,44.322,44.322,0.01,200.0,300.0,10.0,9999.0,1,360.0,0.1,15.0,10.0,0.02,184.6,10.0,0.0,1.0,1,normal,50.0,50.0,60.0,40.0,1,1,1,1,60.0,,,,,,,,,,,,,,,,,,,,,,,,
42,/user/target/Auto/2023B/BL32XU_240215_Ohto,19896,42,helical,CPS1734,11,TLR8sGpApU,1.0,15.0,10.0,44.322,44.322,0.01,200.0,450.0,10.0,9999.0,1,360.0,0.1,15.0,10.0,0.02,184.6,10.0,0.0,1.0,1,normal,200.0,200.0,60.0,40.0,1,1,1,1,60.0,,,,,,,,,,,,,,,,,,,,,,,,
43,/user/target/Auto/2023B/BL32XU_240215_Ohto,19897,43,helical,CPS1734,12,TLR8sGpApU,1.0,15.0,10.0,44.322,44.322,0.01,200.0,300.0,10.0,9999.0,1,360.0,0.1,15.0,10.0,0.02,184.6,10.0,0.0,1.0,1,normal,50.0,50.0,60.0,40.0,1,1,1,1,60.0,,,,,,,,,,,,,,,,,,,,,,,,
44,/user/target/Auto/2023B/BL32XU_240215_Ohto,19898,44,helical,CPS1734,13,TLR8sGpApU,1.0,15.0,10.0,44.322,44.322,0.01,200.0,350.0,10.0,9999.0,1,360.0,0.1,15.0,10.0,0.02,184.6,10.0,0.0,1.0,1,normal,100.0,100.0,60.0,40.0,1,1,1,1,60.0,,,,,,,,,,,,,,,,,,,,,,,,
45,/user/target/Auto/2023B/BL32XU_240215_Ohto,19899,45,helical,CPS1734,14,TLR8eGpApU,1.0,15.0,10.0,44.322,44.322,0.01,200.0,350.0,10.0,9999.0,1,360.0,0.1,15.0,10.0,0.02,184.6,10.0,0.0,1.0,1,normal,100.0,100.0,60.0,40.0,1,1,1,1,60.0,,,,,,,,,,,,,,,,,,,,,,,,
46,/user/target/Auto/2023B/BL32XU_240215_Ohto,19900,46,helical,CPS1734,15,TLR8eGpApU,1.0,15.0,10.0,44.322,44.322,0.01,200.0,350.0,10.0,9999.0,1,360.0,0.1,15.0,10.0,0.02,184.6,10.0,0.0,1.0,1,normal,100.0,100.0,60.0,40.0,1,1,1,1,60.0,,,,,,,,,,,,,,,,,,,,,,,,
47,/user/target/Auto/2023B/BL32XU_240215_Ohto,19901,47,helical,CPS1734,16,TLR8eGpApU,1.0,15.0,10.0,44.322,44.322,0.01,200.0,450.0,10.0,9999.0,1,360.0,0.1,15.0,10.0,0.02,184.6,10.0,0.0,1.0,1,normal,200.0,200.0,60.0,40.0,1,1,1,1,60.0,,,,,,,,,,,,,,,,,,,,,,,,
48,/user/target/Auto/2023B/BL32XU_240215_Ohto,19902,48,helical,KOZO0003,1,TLR8GAAv54u,1.0,15.0,10.0,44.322,44.322,0.01,200.0,550.0,10.0,9999.0,1,360.0,0.1,15.0,10.0,0.02,184.6,10.0,0.0,1.0,1,normal,300.0,300.0,60.0,40.0,1,1,1,1,60.0,,,,,,,,,,,,,,,,,,,,,,,,
49,/user/target/Auto/2023B/BL32XU_240215_Ohto,19903,49,helical,KOZO0003,2,TLR8GAAv54u,1.0,15.0,10.0,44.322,44.322,0.01,200.0,550.0,10.0,9999.0,1,360.0,0.1,15.0,10.0,0.02,184.6,10.0,0.0,1.0,1,normal,300.0,300.0,60.0,40.0,1,1,1,1,60.0,,,,,,,,,,,,,,,,,,,,,,,,
50,/user/target/Auto/2023B/BL32XU_240215_Ohto,19904,50,helical,KOZO0003,3,TLR8GAAv54u,1.0,15.0,10.0,44.322,44.322,0.01,200.0,450.0,10.0,9999.0,1,360.0,0.1,15.0,10.0,0.02,184.6,10.0,0.0,1.0,1,normal,200.0,200.0,60.0,40.0,1,1,1,1,60.0,,,,,,,,,,,,,,,,,,,,,,,,
51,/user/target/Auto/2023B/BL32XU_240215_Ohto,19905,51,helical,KOZO0003,4,TLR8GAAv54u,1.0,15.0,10.0,44.322,44.322,0.01,200.0,550.0,10.0,9999.0,1,360.0,0.1,15.0,10.0,0.02,184.6,10.0,0.0,1.0,1,normal,300.0,300.0,60.0,40.0,1,1,1,1,60.0,,,,,,,,,,,,,,,,,,,,,,,,
52,/user/target/Auto/2023B/BL32XU_240215_Ohto,19906,52,helical,KOZO0003,5,TLR8GAAv54u,1.0,15.0,10.0,44.322,44.322,0.01,200.0,550.0,10.0,9999.0,1,360.0,0.1,15.0,10.0,0.02,184.6,10.0,0.0,1.0,1,normal,300.0,300.0,60.0,40.0,1,1,1,1,60.0,,,,,,,,,,,,,,,,,,,,,,,,
53,/user/target/Auto/2023B/BL32XU_240215_Ohto,19907,53,helical,KOZO0003,6,TLR8GAAv54u,1.0,15.0,10.0,44.322,44.322,0.01,200.0,550.0,10.0,9999.0,1,360.0,0.1,15.0,10.0,0.02,184.6,10.0,0.0,1.0,1,normal,300.0,300.0,60.0,40.0,1,1,1,1,60.0,,,,,,,,,,,,,,,,,,,,,,,,
54,/user/target/Auto/2023B/BL32XU_240215_Ohto,19908,54,helical,KOZO0003,7,TLR8GAAv54u,1.0,15.0,10.0,44.322,44.322,0.01,200.0,550.0,10.0,9999.0,1,360.0,0.1,15.0,10.0,0.02,184.6,10.0,0.0,1.0,1,normal,300.0,300.0,60.0,40.0,1,1,1,1,60.0,,,,,,,,,,,,,,,,,,,,,,,,
55,/user/target/Auto/2023B/BL32XU_240215_Ohto,19909,55,helical,KOZO0003,8,TLR8GAAv54u,1.0,15.0,10.0,44.322,44.322,0.01,200.0,550.0,10.0,9999.0,1,360.0,0.1,15.0,10.0,0.02,184.6,10.0,0.0,1.0,1,normal,300.0,300.0,60.0,40.0,1,1,1,1,60.0,,,,,,,,,,,,,,,,,,,,,,,,
56,/user/target/Auto/2023B/BL32XU_240215_Ohto,19910,56,helical,KOZO0003,9,TLR8GAAv54u,1.0,15.0,10.0,44.322,44.322,0.01,200.0,550.0,10.0,9999.0,1,360.0,0.1,15.0,10.0,0.02,184.6,10.0,0.0,1.0,1,normal,300.0,300.0,60.0,40.0,1,1,1,1,60.0,,,,,,,,,,,,,,,,,,,,,,,,
57,/user/target/Auto/2023B/BL32XU_240215_Ohto,19911,57,helical,KOZO0003,10,TLR8GAAv54u,1.0,15.0,10.0,44.322,44.322,0.01,200.0,550.0,10.0,9999.0,1,360.0,0.1,15.0,10.0,0.02,184.6,10.0,0.0,1.0,1,normal,300.0,300.0,60.0,40.0,1,1,1,1,60.0,,,,,,,,,,,,,,,,,,,,,,,,
58,/user/target/Auto/2023B/BL32XU_240215_Ohto,19912,58,helical,KOZO0003,11,TLR8GAAv54u,1.0,15.0,10.0,44.322,44.322,0.01,200.0,450.0,10.0,9999.0,1,360.0,0.1,15.0,10.0,0.02,184.6,10.0,0.0,1.0,1,normal,200.0,200.0,60.0,40.0,1,1,1,1,60.0,,,,,,,,,,,,,,,,,,,,,,,,
59,/user/target/Auto/2023B/BL32XU_240215_Ohto,19913,59,helical,KOZO0003,12,TLR8GAAv54u,1.0,15.0,10.0,44.322,44.322,0.01,200.0,550.0,10.0,9999.0,1,360.0,0.1,15.0,10.0,0.02,184.6,10.0,0.0,1.0,1,normal,300.0,300.0,60.0,40.0,1,1,1,1,60.0,,,,,,,,,,,,,,,,,,,,,,,,
60,/user/target/Auto/2023B/BL32XU_240215_Ohto,19914,60,helical,KOZO0003,13,TLR8GAGv7u,1.0,15.0,10.0,44.322,44.322,0.01,200.0,450.0,10.0,9999.0,1,360.0,0.1,15.0,10.0,0.02,184.6,10.0,0.0,1.0,1,normal,200.0,200.0,60.0,40.0,1,1,1,1,60.0,,,,,,,,,,,,,,,,,,,,,,,,
61,/user/target/Auto/2023B/BL32XU_240215_Ohto,19915,61,helical,KOZO0003,14,TLR8GAGv7u,1.0,15.0,10.0,44.322,44.322,0.01,200.0,450.0,10.0,9999.0,1,360.0,0.1,15.0,10.0,0.02,184.6,10.0,0.0,1.0,1,normal,200.0,200.0,60.0,40.0,1,1,1,1,60.0,,,,,,,,,,,,,,,,,,,,,,,,
62,/user/target/Auto/2023B/BL32XU_240215_Ohto,19916,62,helical,KOZO0003,15,TLR8GAGv7u,1.0,15.0,10.0,44.322,44.322,0.01,200.0,550.0,10.0,9999.0,1,360.0,0.1,15.0,10.0,0.02,184.6,10.0,0.0,1.0,1,normal,300.0,300.0,60.0,40.0,1,1,1,1,60.0,,,,,,,,,,,,,,,,,,,,,,,,
63,/user/target/Auto/2023B/BL32XU_240215_Ohto,19917,63,helical,KOZO0003,16,TLR8GAGv7u,1.0,15.0,10.0,44.322,44.322,0.01,200.0,550.0,10.0,9999.0,1,360.0,0.1,15.0,10.0,0.02,184.6,10.0,0.0,1.0,1,normal,300.0,300.0,60.0,40.0,1,1,1,1,60.0,,,,,,,,,,,,,,,,,,,,,,,,
64,/user/target/Auto/2023B/BL32XU_240215_Ohto,19918,64,helical,KOZO0007,1,TLR8GAGv7u,1.0,15.0,10.0,44.322,44.322,0.01,200.0,550.0,10.0,9999.0,1,360.0,0.1,15.0,10.0,0.02,184.6,10.0,0.0,1.0,1,normal,300.0,300.0,60.0,40.0,1,1,1,1,60.0,,,,,,,,,,,,,,,,,,,,,,,,
65,/user/target/Auto/2023B/BL32XU_240215_Ohto,19919,65,helical,KOZO0007,2,TLR8GAGv7u,1.0,15.0,10.0,44.322,44.322,0.01,200.0,450.0,10.0,9999.0,1,360.0,0.1,15.0,10.0,0.02,184.6,10.0,0.0,1.0,1,normal,200.0,200.0,60.0,40.0,1,1,1,1,60.0,,,,,,,,,,,,,,,,,,,,,,,,
66,/user/target/Auto/2023B/BL32XU_240215_Ohto,19920,66,helical,KOZO0007,3,TLR8GAGv7u,1.0,15.0,10.0,44.322,44.322,0.01,200.0,350.0,10.0,9999.0,1,360.0,0.1,15.0,10.0,0.02,184.6,10.0,0.0,1.0,1,normal,100.0,100.0,60.0,40.0,1,1,1,1,60.0,,,,,,,,,,,,,,,,,,,,,,,,
67,/user/target/Auto/2023B/BL32XU_240215_Ohto,19921,67,helical,KOZO0007,4,TLR8GAGv7u,1.0,15.0,10.0,44.322,44.322,0.01,200.0,350.0,10.0,9999.0,1,360.0,0.1,15.0,10.0,0.02,184.6,10.0,0.0,1.0,1,normal,100.0,100.0,60.0,40.0,1,1,1,1,60.0,,,,,,,,,,,,,,,,,,,,,,,,
68,/user/target/Auto/2023B/BL32XU_240215_Ohto,19922,68,helical,KOZO0007,5,TLR8GAGv7u,1.0,15.0,10.0,44.322,44.322,0.01,200.0,550.0,10.0,9999.0,1,360.0,0.1,15.0,10.0,0.02,184.6,10.0,0.0,1.0,1,normal,300.0,300.0,60.0,40.0,1,1,1,1,60.0,,,,,,,,,,,,,,,,,,,,,,,,
69,/user/target/Auto/2023B/BL32XU_240215_Ohto,19923,69,helical,KOZO0007,6,TLR8GAGv7u,1.0,15.0,10.0,44.322,44.322,0.01,200.0,350.0,10.0,9999.0,1,360.0,0.1,15.0,10.0,0.02,184.6,10.0,0.0,1.0,1,normal,100.0,100.0,60.0,40.0,1,1,1,1,60.0,,,,,,,,,,,,,,,,,,,,,,,,
70,/user/target/Auto/2023B/BL32XU_240215_Ohto,19924,70,helical,KOZO0007,7,TLR8GAGv7u,1.0,15.0,10.0,44.322,44.322,0.01,200.0,350.0,10.0,9999.0,1,360.0,0.1,15.0,10.0,0.02,184.6,10.0,0.0,1.0,1,normal,100.0,100.0,60.0,40.0,1,1,1,1,60.0,,,,,,,,,,,,,,,,,,,,,,,,
71,/user/target/Auto/2023B/BL32XU_240215_Ohto,19925,71,helical,KOZO0007,8,TLR8GUCv16u,1.0,15.0,10.0,44.322,44.322,0.01,200.0,350.0,10.0,9999.0,1,360.0,0.1,15.0,10.0,0.02,184.6,10.0,0.0,1.0,1,normal,100.0,100.0,60.0,40.0,1,1,1,1,60.0,,,,,,,,,,,,,,,,,,,,,,,,
72,/user/target/Auto/2023B/BL32XU_240215_Ohto,19926,72,helical,KOZO0007,9,TLR8GUCv16u,1.0,15.0,10.0,44.322,44.322,0.01,200.0,450.0,10.0,9999.0,1,360.0,0.1,15.0,10.0,0.02,184.6,10.0,0.0,1.0,1,normal,200.0,200.0,60.0,40.0,1,1,1,1,60.0,,,,,,,,,,,,,,,,,,,,,,,,
73,/user/target/Auto/2023B/BL32XU_240215_Ohto,19927,73,helical,KOZO0007,10,TLR8GUCv16u,1.0,15.0,10.0,44.322,44.322,0.01,200.0,550.0,10.0,9999.0,1,360.0,0.1,15.0,10.0,0.02,184.6,10.0,0.0,1.0,1,normal,300.0,300.0,60.0,40.0,1,1,1,1,60.0,,,,,,,,,,,,,,,,,,,,,,,,
74,/user/target/Auto/2023B/BL32XU_240215_Ohto,19928,74,helical,KOZO0007,11,TLR8GUCv16u,1.0,15.0,10.0,44.322,44.322,0.01,200.0,450.0,10.0,9999.0,1,360.0,0.1,15.0,10.0,0.02,184.6,10.0,0.0,1.0,1,normal,200.0,200.0,60.0,40.0,1,1,1,1,60.0,,,,,,,,,,,,,,,,,,,,,,,,
75,/user/target/Auto/2023B/BL32XU_240215_Ohto,19929,75,helical,KOZO0007,12,TLR8GUCv16u,1.0,15.0,10.0,44.322,44.322,0.01,200.0,350.0,10.0,9999.0,1,360.0,0.1,15.0,10.0,0.02,184.6,10.0,0.0,1.0,1,normal,100.0,100.0,60.0,40.0,1,1,1,1,60.0,,,,,,,,,,,,,,,,,,,,,,,,
76,/user/target/Auto/2023B/BL32XU_240215_Ohto,19930,76,helical,KOZO0007,13,TLR8GUCv16u,1.0,15.0,10.0,44.322,44.322,0.01,200.0,350.0,10.0,9999.0,1,360.0,0.1,15.0,10.0,0.02,184.6,10.0,0.0,1.0,1,normal,100.0,100.0,60.0,40.0,1,1,1,1,60.0,,,,,,,,,,,,,,,,,,,,,,,,
77,/user/target/Auto/2023B/BL32XU_240215_Ohto,19931,77,helical,KOZO0007,14,TLR8GUCv16u,1.0,15.0,10.0,44.322,44.322,0.01,200.0,450.0,10.0,9999.0,1,360.0,0.1,15.0,10.0,0.02,184.6,10.0,0.0,1.0,1,normal,200.0,200.0,60.0,40.0,1,1,1,1,60.0,,,,,,,,,,,,,,,,,,,,,,,,
78,/user/target/Auto/2023B/BL32XU_240215_Ohto,19932,78,helical,KOZO0007,15,TLR8GUCv16u,1.0,15.0,10.0,44.322,44.322,0.01,200.0,350.0,10.0,9999.0,1,360.0,0.1,15.0,10.0,0.02,184.6,10.0,0.0,1.0,1,normal,100.0,100.0,60.0,40.0,1,1,1,1,60.0,,,,,,,,,,,,,,,,,,,,,,,,
79,/user/target/Auto/2023B/BL32XU_240215_Ohto,19933,79,helical,KOZO0007,16,TLR8GUCv16u,1.0,15.0,10.0,44.322,44.322,0.01,200.0,450.0,10.0,9999.0,1,360.0,0.1,15.0,10.0,0.02,184.6,10.0,0.0,1.0,1,normal,200.0,200.0,60.0,40.0,1,1,1,1,60.0,,,,,,,,,,,,,,,,,,,,,,,,
80,/user/target/Auto/2023B/BL32XU_240215_Ohto,19934,80,helical,KOZO0004,1,TLR8GUCv16u,1.0,15.0,10.0,44.322,44.322,0.01,200.0,350.0,10.0,9999.0,1,360.0,0.1,15.0,10.0,0.02,184.6,10.0,0.0,1.0,1,normal,100.0,100.0,60.0,40.0,1,1,1,1,60.0,,,,,,,,,,,,,,,,,,,,,,,,
81,/user/target/Auto/2023B/BL32XU_240215_Ohto,19935,81,helical,KOZO0004,2,TLR8GUCv16u,1.0,15.0,10.0,44.322,44.322,0.01,200.0,300.0,10.0,9999.0,1,360.0,0.1,15.0,10.0,0.02,184.6,10.0,0.0,1.0,1,normal,50.0,50.0,60.0,40.0,1,1,1,1,60.0,,,,,,,,,,,,,,,,,,,,,,,,
82,/user/target/Auto/2023B/BL32XU_240215_Ohto,19936,82,helical,KOZO0004,3,TLR8GUCv16u,1.0,15.0,10.0,44.322,44.322,0.01,200.0,350.0,10.0,9999.0,1,360.0,0.1,15.0,10.0,0.02,184.6,10.0,0.0,1.0,1,normal,100.0,100.0,60.0,40.0,1,1,1,1,60.0,,,,,,,,,,,,,,,,,,,,,,,,
83,/user/target/Auto/2023B/BL32XU_240215_Ohto,19937,83,helical,KOZO0004,4,TLR8GUCv16u,1.0,15.0,10.0,44.322,44.322,0.01,200.0,300.0,10.0,9999.0,1,360.0,0.1,15.0,10.0,0.02,184.6,10.0,0.0,1.0,1,normal,50.0,50.0,60.0,40.0,1,1,1,1,60.0,,,,,,,,,,,,,,,,,,,,,,,,
84,/user/target/Auto/2023B/BL32XU_240215_Ohto,19938,84,helical,KOZO0004,5,TLR8GAGv1u,1.0,15.0,10.0,44.322,44.322,0.01,200.0,350.0,10.0,9999.0,1,360.0,0.1,15.0,10.0,0.02,184.6,10.0,0.0,1.0,1,normal,100.0,100.0,60.0,40.0,1,1,1,1,60.0,,,,,,,,,,,,,,,,,,,,,,,,
85,/user/target/Auto/2023B/BL32XU_240215_Ohto,19939,85,helical,KOZO0004,6,TLR8GAGv1u,1.0,15.0,10.0,44.322,44.322,0.01,200.0,300.0,10.0,9999.0,1,360.0,0.1,15.0,10.0,0.02,184.6,10.0,0.0,1.0,1,normal,50.0,50.0,60.0,40.0,1,1,1,1,60.0,,,,,,,,,,,,,,,,,,,,,,,,
86,/user/target/Auto/2023B/BL32XU_240215_Ohto,19940,86,helical,KOZO0004,7,TLR8GAGv1u,1.0,15.0,10.0,44.322,44.322,0.01,200.0,350.0,10.0,9999.0,1,360.0,0.1,15.0,10.0,0.02,184.6,10.0,0.0,1.0,1,normal,100.0,100.0,60.0,40.0,1,1,1,1,60.0,,,,,,,,,,,,,,,,,,,,,,,,
87,/user/target/Auto/2023B/BL32XU_240215_Ohto,19941,87,helical,KOZO0004,8,TLR8GAGv1u,1.0,15.0,10.0,44.322,44.322,0.01,200.0,300.0,10.0,9999.0,1,360.0,0.1,15.0,10.0,0.02,184.6,10.0,0.0,1.0,1,normal,50.0,50.0,60.0,40.0,1,1,1,1,60.0,,,,,,,,,,,,,,,,,,,,,,,,
88,/user/target/Auto/2023B/BL32XU_240215_Ohto,19942,88,helical,KOZO0004,9,TLR8GAGv1u,1.0,15.0,10.0,44.322,44.322,0.01,200.0,300.0,10.0,9999.0,1,360.0,0.1,15.0,10.0,0.02,184.6,10.0,0.0,1.0,1,normal,50.0,50.0,60.0,40.0,1,1,1,1,60.0,,,,,,,,,,,,,,,,,,,,,,,,
89,/user/target/Auto/2023B/BL32XU_240215_Ohto,19943,89,helical,KOZO0004,10,TLR8GAGv1u,1.0,15.0,10.0,44.322,44.322,0.01,200.0,350.0,10.0,9999.0,1,360.0,0.1,15.0,10.0,0.02,184.6,10.0,0.0,1.0,1,normal,100.0,100.0,60.0,40.0,1,1,1,1,60.0,,,,,,,,,,,,,,,,,,,,,,,,
90,/user/target/Auto/2023B/BL32XU_240215_Ohto,19944,90,helical,KOZO0004,11,TLR8GAGv1u,1.0,15.0,10.0,44.322,44.322,0.01,200.0,300.0,10.0,9999.0,1,360.0,0.1,15.0,10.0,0.02,184.6,10.0,0.0,1.0,1,normal,50.0,50.0,60.0,40.0,1,1,1,1,60.0,,,,,,,,,,,,,,,,,,,,,,,,
91,/user/target/Auto/2023B/BL32XU_240215_Ohto,19945,91,helical,KOZO0004,12,TLR8GAGv1u,1.0,15.0,10.0,44.322,44.322,0.01,200.0,300.0,10.0,9999.0,1,360.0,0.1,15.0,10.0,0.02,184.6,10.0,0.0,1.0,1,normal,50.0,50.0,60.0,40.0,1,1,1,1,60.0,,,,,,,,,,,,,,,,,,,,,,,,
92,/user/target/Auto/2023B/BL32XU_240215_Ohto,19946,92,helical,KOZO0004,13,TLR8GAGv1u,1.0,15.0,10.0,44.322,44.322,0.01,200.0,300.0,10.0,9999.0,1,360.0,0.1,15.0,10.0,0.02,184.6,10.0,0.0,1.0,1,normal,50.0,50.0,60.0,40.0,1,1,1,1,60.0,,,,,,,,,,,,,,,,,,,,,,,,
93,/user/target/Auto/2023B/BL32XU_240215_Ohto,19947,93,helical,KOZO0004,14,TLR8GAGv1u,1.0,15.0,10.0,44.322,44.322,0.01,200.0,300.0,10.0,9999.0,1,360.0,0.1,15.0,10.0,0.02,184.6,10.0,0.0,1.0,1,normal,50.0,50.0,60.0,40.0,1,1,1,1,60.0,,,,,,,,,,,,,,,,,,,,,,,,
94,/user/target/Auto/2023B/BL32XU_240215_Ohto,19948,94,helical,KOZO0004,15,TLR8GAGv1u,1.0,15.0,10.0,44.322,44.322,0.01,200.0,300.0,10.0,9999.0,1,360.0,0.1,15.0,10.0,0.02,184.6,10.0,0.0,1.0,1,normal,50.0,50.0,60.0,40.0,1,1,1,1,60.0,,,,,,,,,,,,,,,,,,,,,,,,
95,/user/target/Auto/2023B/BL32XU_240215_Ohto,19949,95,helical,KOZO0004,16,TLR8GAGv1u,1.0,15.0,10.0,44.322,44.322,0.01,200.0,350.0,10.0,9999.0,1,360.0,0.1,15.0,10.0,0.02,184.6,10.0,0.0,1.0,1,normal,100.0,100.0,60.0,40.0,1,1,1,1,60.0,,,,,,,,,,,,,,,,,,,,,,,,
96,/user/target/Auto/2023B/BL32XU_240215_Ohto,19950,96,helical,KOZO0001,1,TLR8GAGv1a,1.0,15.0,10.0,44.322,44.322,0.01,200.0,350.0,10.0,9999.0,1,360.0,0.1,15.0,10.0,0.02,184.6,10.0,0.0,1.0,1,normal,100.0,100.0,60.0,40.0,1,1,1,1,60.0,,,,,,,,,,,,,,,,,,,,,,,,
97,/user/target/Auto/2023B/BL32XU_240215_Ohto,19951,97,helical,KOZO0001,2,TLR8GAGv1a,1.0,15.0,10.0,44.322,44.322,0.01,200.0,300.0,10.0,9999.0,1,360.0,0.1,15.0,10.0,0.02,184.6,10.0,0.0,1.0,1,normal,50.0,50.0,60.0,40.0,1,1,1,1,60.0,,,,,,,,,,,,,,,,,,,,,,,,
98,/user/target/Auto/2023B/BL32XU_240215_Ohto,19952,98,helical,KOZO0001,3,TLR8GAGv1a,1.0,15.0,10.0,44.322,44.322,0.01,200.0,300.0,10.0,9999.0,1,360.0,0.1,15.0,10.0,0.02,184.6,10.0,0.0,1.0,1,normal,50.0,50.0,60.0,40.0,1,1,1,1,60.0,,,,,,,,,,,,,,,,,,,,,,,,
99,/user/target/Auto/2023B/BL32XU_240215_Ohto,19953,99,helical,KOZO0001,4,TLR8GAGv1a,1.0,15.0,10.0,44.322,44.322,0.01,200.0,350.0,10.0,9999.0,1,360.0,0.1,15.0,10.0,0.02,184.6,10.0,0.0,1.0,1,normal,100.0,100.0,60.0,40.0,1,1,1,1,60.0,,,,,,,,,,,,,,,,,,,,,,,,
100,/user/target/Auto/2023B/BL32XU_240215_Ohto,19954,100,helical,KOZO0001,5,TLR8GAGv1a,1.0,15.0,10.0,44.322,44.322,0.01,200.0,300.0,10.0,9999.0,1,360.0,0.1,15.0,10.0,0.02,184.6,10.0,0.0,1.0,1,normal,50.0,50.0,60.0,40.0,1,1,1,1,60.0,,,,,,,,,,,,,,,,,,,,,,,,
101,/user/target/Auto/2023B/BL32XU_240215_Ohto,19955,101,helical,KOZO0001,6,TLR8GAGv1a,1.0,15.0,10.0,44.322,44.322,0.01,200.0,350.0,10.0,9999.0,1,360.0,0.1,15.0,10.0,0.02,184.6,10.0,0.0,1.0,1,normal,100.0,100.0,60.0,40.0,1,1,1,1,60.0,,,,,,,,,,,,,,,,,,,,,,,,
102,/user/target/Auto/2023B/BL32XU_240215_Ohto,19956,102,helical,KOZO0001,7,TLR8GAGv1a,1.0,15.0,10.0,44.322,44.322,0.01,200.0,350.0,10.0,9999.0,1,360.0,0.1,15.0,10.0,0.02,184.6,10.0,0.0,1.0,1,normal,100.0,100.0,60.0,40.0,1,1,1,1,60.0,,,,,,,,,,,,,,,,,,,,,,,,
103,/user/target/Auto/2023B/BL32XU_240215_Ohto,19957,103,helical,KOZO0001,8,TLR8GAGv1a,1.0,15.0,10.0,44.322,44.322,0.01,200.0,350.0,10.0,9999.0,1,360.0,0.1,15.0,10.0,0.02,184.6,10.0,0.0,1.0,1,normal,100.0,100.0,60.0,40.0,1,1,1,1,60.0,,,,,,,,,,,,,,,,,,,,,,,,
104,/user/target/Auto/2023B/BL32XU_240215_Ohto,19958,104,helical,KOZO0001,9,TLR8GUCv16a,1.0,15.0,10.0,44.322,44.322,0.01,200.0,350.0,10.0,9999.0,1,360.0,0.1,15.0,10.0,0.02,184.6,10.0,0.0,1.0,1,normal,100.0,100.0,60.0,40.0,1,1,1,1,60.0,,,,,,,,,,,,,,,,,,,,,,,,
105,/user/target/Auto/2023B/BL32XU_240215_Ohto,19959,105,helical,KOZO0001,10,TLR8GUCv16a,1.0,15.0,10.0,44.322,44.322,0.01,200.0,300.0,10.0,9999.0,1,360.0,0.1,15.0,10.0,0.02,184.6,10.0,0.0,1.0,1,normal,50.0,50.0,60.0,40.0,1,1,1,1,60.0,,,,,,,,,,,,,,,,,,,,,,,,
106,/user/target/Auto/2023B/BL32XU_240215_Ohto,19960,106,helical,KOZO0001,11,TLR8GUCv16a,1.0,15.0,10.0,44.322,44.322,0.01,200.0,300.0,10.0,9999.0,1,360.0,0.1,15.0,10.0,0.02,184.6,10.0,0.0,1.0,1,normal,50.0,50.0,60.0,40.0,1,1,1,1,60.0,,,,,,,,,,,,,,,,,,,,,,,,
107,/user/target/Auto/2023B/BL32XU_240215_Ohto,19961,107,helical,KOZO0001,12,TLR8GUCv16a,1.0,15.0,10.0,44.322,44.322,0.01,200.0,350.0,10.0,9999.0,1,360.0,0.1,15.0,10.0,0.02,184.6,10.0,0.0,1.0,1,normal,100.0,100.0,60.0,40.0,1,1,1,1,60.0,,,,,,,,,,,,,,,,,,,,,,,,
108,/user/target/Auto/2023B/BL32XU_240215_Ohto,19962,108,helical,KOZO0001,13,TLR8GUCv16a,1.0,15.0,10.0,44.322,44.322,0.01,200.0,300.0,10.0,9999.0,1,360.0,0.1,15.0,10.0,0.02,184.6,10.0,0.0,1.0,1,normal,50.0,50.0,60.0,40.0,1,1,1,1,60.0,,,,,,,,,,,,,,,,,,,,,,,,
109,/user/target/Auto/2023B/BL32XU_240215_Ohto,19963,109,helical,KOZO0001,14,TLR8GUCv16a,1.0,15.0,10.0,44.322,44.322,0.01,200.0,300.0,10.0,9999.0,1,360.0,0.1,15.0,10.0,0.02,184.6,10.0,0.0,1.0,1,normal,50.0,50.0,60.0,40.0,1,1,1,1,60.0,,,,,,,,,,,,,,,,,,,,,,,,
110,/user/target/Auto/2023B/BL32XU_240215_Ohto,19964,110,helical,KOZO0001,15,TLR8GUCv16a,1.0,15.0,10.0,44.322,44.322,0.01,200.0,300.0,10.0,9999.0,1,360.0,0.1,15.0,10.0,0.02,184.6,10.0,0.0,1.0,1,normal,50.0,50.0,60.0,40.0,1,1,1,1,60.0,,,,,,,,,,,,,,,,,,,,,,,,
111,/user/target/Auto/2023B/BL32XU_240215_Ohto,19965,111,helical,KOZO0001,16,TLR8GUCv16a,1.0,15.0,10.0,44.322,44.322,0.01,200.0,300.0,10.0,9999.0,1,360.0,0.1,15.0,10.0,0.02,184.6,10.0,0.0,1.0,1,normal,50.0,50.0,60.0,40.0,1,1,1,1,60.0,,,,,,,,,,,,,,,,,,,,,,,,
112,/user/target/Auto/2023B/BL32XU_240215_Ohto,19966,112,helical,KOZO0002,1,TLR8GAGv7a,1.0,15.0,10.0,44.322,44.322,0.01,200.0,350.0,10.0,9999.0,1,360.0,0.1,15.0,10.0,0.02,184.6,10.0,0.0,1.0,1,normal,100.0,100.0,60.0,40.0,1,1,1,1,60.0,,,,,,,,,,,,,,,,,,,,,,,,
113,/user/target/Auto/2023B/BL32XU_240215_Ohto,19967,113,helical,KOZO0002,2,TLR8GAGv7a,1.0,15.0,10.0,44.322,44.322,0.01,200.0,350.0,10.0,9999.0,1,360.0,0.1,15.0,10.0,0.02,184.6,10.0,0.0,1.0,1,normal,100.0,100.0,60.0,40.0,1,1,1,1,60.0,,,,,,,,,,,,,,,,,,,,,,,,
114,/user/target/Auto/2023B/BL32XU_240215_Ohto,19968,114,helical,KOZO0002,3,TLR8GAGv7a,1.0,15.0,10.0,44.322,44.322,0.01,200.0,300.0,10.0,9999.0,1,360.0,0.1,15.0,10.0,0.02,184.6,10.0,0.0,1.0,1,normal,50.0,50.0,60.0,40.0,1,1,1,1,60.0,,,,,,,,,,,,,,,,,,,,,,,,
115,/user/target/Auto/2023B/BL32XU_240215_Ohto,19969,115,helical,KOZO0002,4,TLR8GAGv7a,1.0,15.0,10.0,44.322,44.322,0.01,200.0,300.0,10.0,9999.0,1,360.0,0.1,15.0,10.0,0.02,184.6,10.0,0.0,1.0,1,normal,50.0,50.0,60.0,40.0,1,1,1,1,60.0,,,,,,,,,,,,,,,,,,,,,,,,
116,/user/target/Auto/2023B/BL32XU_240215_Ohto,19970,116,helical,KOZO0002,5,TLR8GAGv7a,1.0,15.0,10.0,44.322,44.322,0.01,200.0,300.0,10.0,9999.0,1,360.0,0.1,15.0,10.0,0.02,184.6,10.0,0.0,1.0,1,normal,50.0,50.0,60.0,40.0,1,1,1,1,60.0,,,,,,,,,,,,,,,,,,,,,,,,
117,/user/target/Auto/2023B/BL32XU_240215_Ohto,19971,117,helical,KOZO0002,6,TLR8GAGv7a,1.0,15.0,10.0,44.322,44.322,0.01,200.0,350.0,10.0,9999.0,1,360.0,0.1,15.0,10.0,0.02,184.6,10.0,0.0,1.0,1,normal,100.0,100.0,60.0,40.0,1,1,1,1,60.0,,,,,,,,,,,,,,,,,,,,,,,,
118,/user/target/Auto/2023B/BL32XU_240215_Ohto,19972,118,helical,KOZO0002,7,TLR8GAGv7a,1.0,15.0,10.0,44.322,44.322,0.01,200.0,350.0,10.0,9999.0,1,360.0,0.1,15.0,10.0,0.02,184.6,10.0,0.0,1.0,1,normal,100.0,100.0,60.0,40.0,1,1,1,1,60.0,,,,,,,,,,,,,,,,,,,,,,,,
119,/user/target/Auto/2023B/BL32XU_240215_Ohto,19973,119,helical,KOZO0002,8,TLR8GAGv7a,1.0,15.0,10.0,44.322,44.322,0.01,200.0,450.0,10.0,9999.0,1,360.0,0.1,15.0,10.0,0.02,184.6,10.0,0.0,1.0,1,normal,200.0,200.0,60.0,40.0,1,1,1,1,60.0,,,,,,,,,,,,,,,,,,,,,,,,
120,/user/target/Auto/2023B/BL32XU_240215_Ohto,19974,120,helical,KOZO0002,9,TLR8GAAv54a,1.0,15.0,10.0,44.322,44.322,0.01,200.0,300.0,10.0,9999.0,1,360.0,0.1,15.0,10.0,0.02,184.6,10.0,0.0,1.0,1,normal,50.0,50.0,60.0,40.0,1,1,1,1,60.0,,,,,,,,,,,,,,,,,,,,,,,,
121,/user/target/Auto/2023B/BL32XU_240215_Ohto,19975,121,helical,KOZO0002,10,TLR8GAAv54a,1.0,15.0,10.0,44.322,44.322,0.01,200.0,300.0,10.0,9999.0,1,360.0,0.1,15.0,10.0,0.02,184.6,10.0,0.0,1.0,1,normal,50.0,50.0,60.0,40.0,1,1,1,1,60.0,,,,,,,,,,,,,,,,,,,,,,,,
122,/user/target/Auto/2023B/BL32XU_240215_Ohto,19976,122,helical,KOZO0002,11,TLR8GAAv54a,1.0,15.0,10.0,44.322,44.322,0.01,200.0,300.0,10.0,9999.0,1,360.0,0.1,15.0,10.0,0.02,184.6,10.0,0.0,1.0,1,normal,50.0,50.0,60.0,40.0,1,1,1,1,60.0,,,,,,,,,,,,,,,,,,,,,,,,
123,/user/target/Auto/2023B/BL32XU_240215_Ohto,19977,123,helical,KOZO0002,12,TLR8GAAv54a,1.0,15.0,10.0,44.322,44.322,0.01,200.0,300.0,10.0,9999.0,1,360.0,0.1,15.0,10.0,0.02,184.6,10.0,0.0,1.0,1,normal,50.0,50.0,60.0,40.0,1,1,1,1,60.0,,,,,,,,,,,,,,,,,,,,,,,,
124,/user/target/Auto/2023B/BL32XU_240215_Ohto,19978,124,helical,KOZO0002,13,TLR8GAAv54a,1.0,15.0,10.0,44.322,44.322,0.01,200.0,300.0,10.0,9999.0,1,360.0,0.1,15.0,10.0,0.02,184.6,10.0,0.0,1.0,1,normal,50.0,50.0,60.0,40.0,1,1,1,1,60.0,,,,,,,,,,,,,,,,,,,,,,,,
125,/user/target/Auto/2023B/BL32XU_240215_Ohto,19979,125,helical,KOZO0002,14,TLR8GAAv54a,1.0,15.0,10.0,44.322,44.322,0.01,200.0,300.0,10.0,9999.0,1,360.0,0.1,15.0,10.0,0.02,184.6,10.0,0.0,1.0,1,normal,50.0,50.0,60.0,40.0,1,1,1,1,60.0,,,,,,,,,,,,,,,,,,,,,,,,
126,/user/target/Auto/2023B/BL32XU_240215_Ohto,19980,126,helical,KOZO0002,15,TLR8GAAv54a,1.0,15.0,10.0,44.322,44.322,0.01,200.0,300.0,10.0,9999.0,1,360.0,0.1,15.0,10.0,0.02,184.6,10.0,0.0,1.0,1,normal,50.0,50.0,60.0,40.0,1,1,1,1,60.0,,,,,,,,,,,,,,,,,,,,,,,,
127,/user/target/Auto/2023B/BL32XU_240215_Ohto,19981,127,helical,KOZO0002,16,TLR8GAAv54a,1.0,15.0,10.0,44.322,44.322,0.01,200.0,300.0,10.0,9999.0,1,360.0,0.1,15.0,10.0,0.02,184.6,10.0,0.0,1.0,1,normal,50.0,50.0,60.0,40.0,1,1,1,1,60.0,,,,,,,,,,,,,,,,,,,,,,,,
128,/user/target/Auto/2023B/BL32XU_240215_Ohto,19982,128,helical,KOZO0005,1,TLR8DC3967,1.0,15.0,10.0,44.322,44.322,0.01,200.0,650.0,10.0,9999.0,1,360.0,0.1,15.0,10.0,0.02,184.6,10.0,0.0,1.0,1,normal,400.0,400.0,60.0,40.0,1,1,1,1,60.0,,,,,,,,,,,,,,,,,,,,,,,,
129,/user/target/Auto/2023B/BL32XU_240215_Ohto,19983,129,helical,KOZO0005,2,TLR8DC3967,1.0,15.0,10.0,44.322,44.322,0.01,200.0,550.0,10.0,9999.0,1,360.0,0.1,15.0,10.0,0.02,184.6,10.0,0.0,1.0,1,normal,300.0,300.0,60.0,40.0,1,1,1,1,60.0,,,,,,,,,,,,,,,,,,,,,,,,
130,/user/target/Auto/2023B/BL32XU_240215_Ohto,19984,130,helical,KOZO0005,3,TLR8DC3967,1.0,15.0,10.0,44.322,44.322,0.01,200.0,650.0,10.0,9999.0,1,360.0,0.1,15.0,10.0,0.02,184.6,10.0,0.0,1.0,1,normal,400.0,400.0,60.0,40.0,1,1,1,1,60.0,,,,,,,,,,,,,,,,,,,,,,,,
131,/user/target/Auto/2023B/BL32XU_240215_Ohto,19985,131,helical,KOZO0005,4,TLR8DC3967,1.0,15.0,10.0,44.322,44.322,0.01,200.0,750.0,10.0,9999.0,1,360.0,0.1,15.0,10.0,0.02,184.6,10.0,0.0,1.0,1,normal,500.0,500.0,60.0,40.0,1,1,1,1,60.0,,,,,,,,,,,,,,,,,,,,,,,,
132,/user/target/Auto/2023B/BL32XU_240215_Ohto,19986,132,helical,KOZO0005,5,TLR8DC3967,1.0,15.0,10.0,44.322,44.322,0.01,200.0,550.0,10.0,9999.0,1,360.0,0.1,15.0,10.0,0.02,184.6,10.0,0.0,1.0,1,normal,300.0,300.0,60.0,40.0,1,1,1,1,60.0,,,,,,,,,,,,,,,,,,,,,,,,
133,/user/target/Auto/2023B/BL32XU_240215_Ohto,19987,133,helical,KOZO0005,6,TLR8eGpApU,1.0,15.0,10.0,44.322,44.322,0.01,200.0,650.0,10.0,9999.0,1,360.0,0.1,15.0,10.0,0.02,184.6,10.0,0.0,1.0,1,normal,400.0,400.0,60.0,40.0,1,1,1,1,60.0,,,,,,,,,,,,,,,,,,,,,,,,
134,/user/target/Auto/2023B/BL32XU_240215_Ohto,19988,134,helical,KOZO0005,7,TLR8eGpApU,1.0,15.0,10.0,44.322,44.322,0.01,200.0,650.0,10.0,9999.0,1,360.0,0.1,15.0,10.0,0.02,184.6,10.0,0.0,1.0,1,normal,400.0,400.0,60.0,40.0,1,1,1,1,60.0,,,,,,,,,,,,,,,,,,,,,,,,
135,/user/target/Auto/2023B/BL32XU_240215_Ohto,19989,135,helical,KOZO0005,8,TLR8eGpApU,1.0,15.0,10.0,44.322,44.322,0.01,200.0,550.0,10.0,9999.0,1,360.0,0.1,15.0,10.0,0.02,184.6,10.0,0.0,1.0,1,normal,300.0,300.0,60.0,40.0,1,1,1,1,60.0,,,,,,,,,,,,,,,,,,,,,,,,
136,/user/target/Auto/2023B/BL32XU_240215_Ohto,19990,136,helical,KOZO0005,9,TLR8eGpApU,1.0,15.0,10.0,44.322,44.322,0.01,200.0,550.0,10.0,9999.0,1,360.0,0.1,15.0,10.0,0.02,184.6,10.0,0.0,1.0,1,normal,300.0,300.0,60.0,40.0,1,1,1,1,60.0,,,,,,,,,,,,,,,,,,,,,,,,
137,/user/target/Auto/2023B/BL32XU_240215_Ohto,19991,137,helical,KOZO0005,10,TLR8sGpApU,1.0,15.0,10.0,44.322,44.322,0.01,200.0,650.0,10.0,9999.0,1,360.0,0.1,15.0,10.0,0.02,184.6,10.0,0.0,1.0,1,normal,400.0,400.0,60.0,40.0,1,1,1,1,60.0,,,,,,,,,,,,,,,,,,,,,,,,
138,/user/target/Auto/2023B/BL32XU_240215_Ohto,19992,138,helical,KOZO0005,11,TLR8sGpApU,1.0,15.0,10.0,44.322,44.322,0.01,200.0,550.0,10.0,9999.0,1,360.0,0.1,15.0,10.0,0.02,184.6,10.0,0.0,1.0,1,normal,300.0,300.0,60.0,40.0,1,1,1,1,60.0,,,,,,,,,,,,,,,,,,,,,,,,
139,/user/target/Auto/2023B/BL32XU_240215_Ohto,19993,139,helical,KOZO0005,12,TLR8sGpApU,1.0,15.0,10.0,44.322,44.322,0.01,200.0,550.0,10.0,9999.0,1,360.0,0.1,15.0,10.0,0.02,184.6,10.0,0.0,1.0,1,normal,300.0,300.0,60.0,40.0,1,1,1,1,60.0,,,,,,,,,,,,,,,,,,,,,,,,
140,/user/target/Auto/2023B/BL32XU_240215_Ohto,19994,140,helical,KOZO0005,13,TLR8382U,1.0,15.0,10.0,44.322,44.322,0.01,200.0,550.0,10.0,9999.0,1,360.0,0.1,15.0,10.0,0.02,184.6,10.0,0.0,1.0,1,normal,300.0,300.0,60.0,40.0,1,1,1,1,60.0,,,,,,,,,,,,,,,,,,,,,,,,
141,/user/target/Auto/2023B/BL32XU_240215_Ohto,19995,141,helical,KOZO0005,14,TLR8382U,1.0,15.0,10.0,44.322,44.322,0.01,200.0,450.0,10.0,9999.0,1,360.0,0.1,15.0,10.0,0.02,184.6,10.0,0.0,1.0,1,normal,200.0,200.0,60.0,40.0,1,1,1,1,60.0,,,,,,,,,,,,,,,,,,,,,,,,
142,/user/target/Auto/2023B/BL32XU_240215_Ohto,19996,142,helical,KOZO0005,15,TLR8382U,1.0,15.0,10.0,44.322,44.322,0.01,200.0,550.0,10.0,9999.0,1,360.0,0.1,15.0,10.0,0.02,184.6,10.0,0.0,1.0,1,normal,300.0,300.0,60.0,40.0,1,1,1,1,60.0,,,,,,,,,,,,,,,,,,,,,,,,
143,/user/target/Auto/2023B/BL32XU_240215_Ohto,19997,143,helical,KOZO0005,16,TLR8382U,1.0,15.0,10.0,44.322,44.322,0.01,200.0,350.0,10.0,9999.0,1,360.0,0.1,15.0,10.0,0.02,184.6,10.0,0.0,1.0,1,normal,100.0,100.0,60.0,40.0,1,1,1,1,60.0,,,,,,,,,,,,,,,,,,,,,,,,
